postcode,regional_category,state
3097,Regional Centres and Other Regional Areas,VIC
3098,Regional Centres and Other Regional Areas,VIC
3099,Regional Centres and Other Regional Areas,VIC
3139,Regional Centres and Other Regional Areas,VIC
3211,Cities and Major Regional Centres,VIC
3212,Cities and Major Regional Centres,VIC
3213,Cities and Major Regional Centres,VIC
3214,Cities and Major Regional Centres,VIC
3215,Cities and Major Regional Centres,VIC
3216,Cities and Major Regional Centres,VIC
3217,Cities and Major Regional Centres,VIC
3218,Cities and Major Regional Centres,VIC
3219,Cities and Major Regional Centres,VIC
3220,Cities and Major Regional Centres,VIC
3221,Cities and Major Regional Centres,VIC
3222,Cities and Major Regional Centres,VIC
3223,Cities and Major Regional Centres,VIC
3224,Cities and Major Regional Centres,VIC
3225,Cities and Major Regional Centres,VIC
3226,Cities and Major Regional Centres,VIC
3227,Cities and Major Regional Centres,VIC
3228,Cities and Major Regional Centres,VIC
3229,Cities and Major Regional Centres,VIC
3230,Cities and Major Regional Centres,VIC
3231,Cities and Major Regional Centres,VIC
3232,Cities and Major Regional Centres,VIC
3233,Regional Centres and Other Regional Areas,VIC
3234,Regional Centres and Other Regional Areas,VIC
3235,Cities and Major Regional Centres,VIC
3236,Regional Centres and Other Regional Areas,VIC
3237,Regional Centres and Other Regional Areas,VIC
3238,Regional Centres and Other Regional Areas,VIC
3239,Regional Centres and Other Regional Areas,VIC
3240,Cities and Major Regional Centres,VIC
3241,Regional Centres and Other Regional Areas,VIC
3242,Regional Centres and Other Regional Areas,VIC
3243,Regional Centres and Other Regional Areas,VIC
3244,Regional Centres and Other Regional Areas,VIC
3245,Regional Centres and Other Regional Areas,VIC
3246,Regional Centres and Other Regional Areas,VIC
3247,Regional Centres and Other Regional Areas,VIC
3248,Regional Centres and Other Regional Areas,VIC
3249,Regional Centres and Other Regional Areas,VIC
3250,Regional Centres and Other Regional Areas,VIC
3251,Regional Centres and Other Regional Areas,VIC
3252,Regional Centres and Other Regional Areas,VIC
3253,Regional Centres and Other Regional Areas,VIC
3254,Regional Centres and Other Regional Areas,VIC
3255,Regional Centres and Other Regional Areas,VIC
3256,Regional Centres and Other Regional Areas,VIC
3257,Regional Centres and Other Regional Areas,VIC
3258,Regional Centres and Other Regional Areas,VIC
3259,Regional Centres and Other Regional Areas,VIC
3260,Regional Centres and Other Regional Areas,VIC
3261,Regional Centres and Other Regional Areas,VIC
3262,Regional Centres and Other Regional Areas,VIC
3263,Regional Centres and Other Regional Areas,VIC
3264,Regional Centres and Other Regional Areas,VIC
3265,Regional Centres and Other Regional Areas,VIC
3266,Regional Centres and Other Regional Areas,VIC
3267,Regional Centres and Other Regional Areas,VIC
3268,Regional Centres and Other Regional Areas,VIC
3269,Regional Centres and Other Regional Areas,VIC
3270,Regional Centres and Other Regional Areas,VIC
3271,Regional Centres and Other Regional Areas,VIC
3272,Regional Centres and Other Regional Areas,VIC
3273,Regional Centres and Other Regional Areas,VIC
3274,Regional Centres and Other Regional Areas,VIC
3275,Regional Centres and Other Regional Areas,VIC
3276,Regional Centres and Other Regional Areas,VIC
3277,Regional Centres and Other Regional Areas,VIC
3278,Regional Centres and Other Regional Areas,VIC
3279,Regional Centres and Other Regional Areas,VIC
3280,Regional Centres and Other Regional Areas,VIC
3281,Regional Centres and Other Regional Areas,VIC
3282,Regional Centres and Other Regional Areas,VIC
3283,Regional Centres and Other Regional Areas,VIC
3284,Regional Centres and Other Regional Areas,VIC
3285,Regional Centres and Other Regional Areas,VIC
3286,Regional Centres and Other Regional Areas,VIC
3287,Regional Centres and Other Regional Areas,VIC
3288,Regional Centres and Other Regional Areas,VIC
3289,Regional Centres and Other Regional Areas,VIC
3290,Regional Centres and Other Regional Areas,VIC
3291,Regional Centres and Other Regional Areas,VIC
3292,Regional Centres and Other Regional Areas,VIC
3293,Regional Centres and Other Regional Areas,VIC
3294,Regional Centres and Other Regional Areas,VIC
3295,Regional Centres and Other Regional Areas,VIC
3296,Regional Centres and Other Regional Areas,VIC
3297,Regional Centres and Other Regional Areas,VIC
3298,Regional Centres and Other Regional Areas,VIC
3299,Regional Centres and Other Regional Areas,VIC
3300,Regional Centres and Other Regional Areas,VIC
3301,Regional Centres and Other Regional Areas,VIC
3302,Regional Centres and Other Regional Areas,VIC
3303,Regional Centres and Other Regional Areas,VIC
3304,Regional Centres and Other Regional Areas,VIC
3305,Regional Centres and Other Regional Areas,VIC
3306,Regional Centres and Other Regional Areas,VIC
3307,Regional Centres and Other Regional Areas,VIC
3308,Regional Centres and Other Regional Areas,VIC
3309,Regional Centres and Other Regional Areas,VIC
3310,Regional Centres and Other Regional Areas,VIC
3311,Regional Centres and Other Regional Areas,VIC
3312,Regional Centres and Other Regional Areas,VIC
3313,Regional Centres and Other Regional Areas,VIC
3314,Regional Centres and Other Regional Areas,VIC
3315,Regional Centres and Other Regional Areas,VIC
3316,Regional Centres and Other Regional Areas,VIC
3317,Regional Centres and Other Regional Areas,VIC
3318,Regional Centres and Other Regional Areas,VIC
3319,Regional Centres and Other Regional Areas,VIC
3320,Regional Centres and Other Regional Areas,VIC
3321,Regional Centres and Other Regional Areas,VIC
3322,Regional Centres and Other Regional Areas,VIC
3323,Regional Centres and Other Regional Areas,VIC
3324,Regional Centres and Other Regional Areas,VIC
3325,Regional Centres and Other Regional Areas,VIC
3328,Cities and Major Regional Centres,VIC
3329,Regional Centres and Other Regional Areas,VIC
3330,Cities and Major Regional Centres,VIC
3331,Cities and Major Regional Centres,VIC
3332,Cities and Major Regional Centres,VIC
3333,Cities and Major Regional Centres,VIC
3334,Regional Centres and Other Regional Areas,VIC
3340,Cities and Major Regional Centres,VIC
3341,Regional Centres and Other Regional Areas,VIC
3342,Cities and Major Regional Centres,VIC
3345,Regional Centres and Other Regional Areas,VIC
3346,Regional Centres and Other Regional Areas,VIC
3347,Regional Centres and Other Regional Areas,VIC
3348,Regional Centres and Other Regional Areas,VIC
3349,Regional Centres and Other Regional Areas,VIC
3350,Regional Centres and Other Regional Areas,VIC
3351,Regional Centres and Other Regional Areas,VIC
3352,Regional Centres and Other Regional Areas,VIC
3353,Regional Centres and Other Regional Areas,VIC
3354,Regional Centres and Other Regional Areas,VIC
3355,Regional Centres and Other Regional Areas,VIC
3356,Regional Centres and Other Regional Areas,VIC
3357,Regional Centres and Other Regional Areas,VIC
3358,Regional Centres and Other Regional Areas,VIC
3359,Regional Centres and Other Regional Areas,VIC
3360,Regional Centres and Other Regional Areas,VIC
3361,Regional Centres and Other Regional Areas,VIC
3362,Regional Centres and Other Regional Areas,VIC
3363,Regional Centres and Other Regional Areas,VIC
3364,Regional Centres and Other Regional Areas,VIC
3365,Regional Centres and Other Regional Areas,VIC
3366,Regional Centres and Other Regional Areas,VIC
3367,Regional Centres and Other Regional Areas,VIC
3368,Regional Centres and Other Regional Areas,VIC
3369,Regional Centres and Other Regional Areas,VIC
3370,Regional Centres and Other Regional Areas,VIC
3371,Regional Centres and Other Regional Areas,VIC
3372,Regional Centres and Other Regional Areas,VIC
3373,Regional Centres and Other Regional Areas,VIC
3374,Regional Centres and Other Regional Areas,VIC
3375,Regional Centres and Other Regional Areas,VIC
3376,Regional Centres and Other Regional Areas,VIC
3377,Regional Centres and Other Regional Areas,VIC
3378,Regional Centres and Other Regional Areas,VIC
3379,Regional Centres and Other Regional Areas,VIC
3380,Regional Centres and Other Regional Areas,VIC
3381,Regional Centres and Other Regional Areas,VIC
3382,Regional Centres and Other Regional Areas,VIC
3383,Regional Centres and Other Regional Areas,VIC
3384,Regional Centres and Other Regional Areas,VIC
3385,Regional Centres and Other Regional Areas,VIC
3386,Regional Centres and Other Regional Areas,VIC
3387,Regional Centres and Other Regional Areas,VIC
3388,Regional Centres and Other Regional Areas,VIC
3389,Regional Centres and Other Regional Areas,VIC
3390,Regional Centres and Other Regional Areas,VIC
3391,Regional Centres and Other Regional Areas,VIC
3392,Regional Centres and Other Regional Areas,VIC
3393,Regional Centres and Other Regional Areas,VIC
3394,Regional Centres and Other Regional Areas,VIC
3395,Regional Centres and Other Regional Areas,VIC
3396,Regional Centres and Other Regional Areas,VIC
3397,Regional Centres and Other Regional Areas,VIC
3398,Regional Centres and Other Regional Areas,VIC
3399,Regional Centres and Other Regional Areas,VIC
3400,Regional Centres and Other Regional Areas,VIC
3401,Regional Centres and Other Regional Areas,VIC
3402,Regional Centres and Other Regional Areas,VIC
3403,Regional Centres and Other Regional Areas,VIC
3404,Regional Centres and Other Regional Areas,VIC
3405,Regional Centres and Other Regional Areas,VIC
3406,Regional Centres and Other Regional Areas,VIC
3407,Regional Centres and Other Regional Areas,VIC
3408,Regional Centres and Other Regional Areas,VIC
3409,Regional Centres and Other Regional Areas,VIC
3410,Regional Centres and Other Regional Areas,VIC
3411,Regional Centres and Other Regional Areas,VIC
3412,Regional Centres and Other Regional Areas,VIC
3413,Regional Centres and Other Regional Areas,VIC
3414,Regional Centres and Other Regional Areas,VIC
3415,Regional Centres and Other Regional Areas,VIC
3416,Regional Centres and Other Regional Areas,VIC
3417,Regional Centres and Other Regional Areas,VIC
3418,Regional Centres and Other Regional Areas,VIC
3419,Regional Centres and Other Regional Areas,VIC
3420,Regional Centres and Other Regional Areas,VIC
3421,Regional Centres and Other Regional Areas,VIC
3422,Regional Centres and Other Regional Areas,VIC
3423,Regional Centres and Other Regional Areas,VIC
3424,Regional Centres and Other Regional Areas,VIC
3430,Regional Centres and Other Regional Areas,VIC
3431,Regional Centres and Other Regional Areas,VIC
3432,Regional Centres and Other Regional Areas,VIC
3433,Regional Centres and Other Regional Areas,VIC
3434,Regional Centres and Other Regional Areas,VIC
3435,Regional Centres and Other Regional Areas,VIC
3436,Regional Centres and Other Regional Areas,VIC
3437,Regional Centres and Other Regional Areas,VIC
3438,Regional Centres and Other Regional Areas,VIC
3439,Regional Centres and Other Regional Areas,VIC
3440,Regional Centres and Other Regional Areas,VIC
3441,Regional Centres and Other Regional Areas,VIC
3442,Regional Centres and Other Regional Areas,VIC
3443,Regional Centres and Other Regional Areas,VIC
3444,Regional Centres and Other Regional Areas,VIC
3445,Regional Centres and Other Regional Areas,VIC
3446,Regional Centres and Other Regional Areas,VIC
3447,Regional Centres and Other Regional Areas,VIC
3448,Regional Centres and Other Regional Areas,VIC
3449,Regional Centres and Other Regional Areas,VIC
3450,Regional Centres and Other Regional Areas,VIC
3451,Regional Centres and Other Regional Areas,VIC
3452,Regional Centres and Other Regional Areas,VIC
3453,Regional Centres and Other Regional Areas,VIC
3454,Regional Centres and Other Regional Areas,VIC
3455,Regional Centres and Other Regional Areas,VIC
3456,Regional Centres and Other Regional Areas,VIC
3457,Regional Centres and Other Regional Areas,VIC
3458,Regional Centres and Other Regional Areas,VIC
3459,Regional Centres and Other Regional Areas,VIC
3460,Regional Centres and Other Regional Areas,VIC
3461,Regional Centres and Other Regional Areas,VIC
3462,Regional Centres and Other Regional Areas,VIC
3463,Regional Centres and Other Regional Areas,VIC
3464,Regional Centres and Other Regional Areas,VIC
3465,Regional Centres and Other Regional Areas,VIC
3466,Regional Centres and Other Regional Areas,VIC
3467,Regional Centres and Other Regional Areas,VIC
3468,Regional Centres and Other Regional Areas,VIC
3469,Regional Centres and Other Regional Areas,VIC
3470,Regional Centres and Other Regional Areas,VIC
3471,Regional Centres and Other Regional Areas,VIC
3472,Regional Centres and Other Regional Areas,VIC
3473,Regional Centres and Other Regional Areas,VIC
3474,Regional Centres and Other Regional Areas,VIC
3475,Regional Centres and Other Regional Areas,VIC
3476,Regional Centres and Other Regional Areas,VIC
3477,Regional Centres and Other Regional Areas,VIC
3478,Regional Centres and Other Regional Areas,VIC
3479,Regional Centres and Other Regional Areas,VIC
3480,Regional Centres and Other Regional Areas,VIC
3481,Regional Centres and Other Regional Areas,VIC
3482,Regional Centres and Other Regional Areas,VIC
3483,Regional Centres and Other Regional Areas,VIC
3484,Regional Centres and Other Regional Areas,VIC
3485,Regional Centres and Other Regional Areas,VIC
3486,Regional Centres and Other Regional Areas,VIC
3487,Regional Centres and Other Regional Areas,VIC
3488,Regional Centres and Other Regional Areas,VIC
3489,Regional Centres and Other Regional Areas,VIC
3490,Regional Centres and Other Regional Areas,VIC
3491,Regional Centres and Other Regional Areas,VIC
3492,Regional Centres and Other Regional Areas,VIC
3493,Regional Centres and Other Regional Areas,VIC
3494,Regional Centres and Other Regional Areas,VIC
3495,Regional Centres and Other Regional Areas,VIC
3496,Regional Centres and Other Regional Areas,VIC
3497,Regional Centres and Other Regional Areas,VIC
3498,Regional Centres and Other Regional Areas,VIC
3499,Regional Centres and Other Regional Areas,VIC
3500,Regional Centres and Other Regional Areas,VIC
3501,Regional Centres and Other Regional Areas,VIC
3502,Regional Centres and Other Regional Areas,VIC
3503,Regional Centres and Other Regional Areas,VIC
3504,Regional Centres and Other Regional Areas,VIC
3505,Regional Centres and Other Regional Areas,VIC
3506,Regional Centres and Other Regional Areas,VIC
3507,Regional Centres and Other Regional Areas,VIC
3508,Regional Centres and Other Regional Areas,VIC
3509,Regional Centres and Other Regional Areas,VIC
3510,Regional Centres and Other Regional Areas,VIC
3511,Regional Centres and Other Regional Areas,VIC
3512,Regional Centres and Other Regional Areas,VIC
3513,Regional Centres and Other Regional Areas,VIC
3514,Regional Centres and Other Regional Areas,VIC
3515,Regional Centres and Other Regional Areas,VIC
3516,Regional Centres and Other Regional Areas,VIC
3517,Regional Centres and Other Regional Areas,VIC
3518,Regional Centres and Other Regional Areas,VIC
3519,Regional Centres and Other Regional Areas,VIC
3520,Regional Centres and Other Regional Areas,VIC
3521,Regional Centres and Other Regional Areas,VIC
3522,Regional Centres and Other Regional Areas,VIC
3523,Regional Centres and Other Regional Areas,VIC
3524,Regional Centres and Other Regional Areas,VIC
3525,Regional Centres and Other Regional Areas,VIC
3526,Regional Centres and Other Regional Areas,VIC
3527,Regional Centres and Other Regional Areas,VIC
3528,Regional Centres and Other Regional Areas,VIC
3529,Regional Centres and Other Regional Areas,VIC
3530,Regional Centres and Other Regional Areas,VIC
3531,Regional Centres and Other Regional Areas,VIC
3532,Regional Centres and Other Regional Areas,VIC
3533,Regional Centres and Other Regional Areas,VIC
3534,Regional Centres and Other Regional Areas,VIC
3535,Regional Centres and Other Regional Areas,VIC
3536,Regional Centres and Other Regional Areas,VIC
3537,Regional Centres and Other Regional Areas,VIC
3538,Regional Centres and Other Regional Areas,VIC
3539,Regional Centres and Other Regional Areas,VIC
3540,Regional Centres and Other Regional Areas,VIC
3541,Regional Centres and Other Regional Areas,VIC
3542,Regional Centres and Other Regional Areas,VIC
3543,Regional Centres and Other Regional Areas,VIC
3544,Regional Centres and Other Regional Areas,VIC
3545,Regional Centres and Other Regional Areas,VIC
3546,Regional Centres and Other Regional Areas,VIC
3547,Regional Centres and Other Regional Areas,VIC
3548,Regional Centres and Other Regional Areas,VIC
3549,Regional Centres and Other Regional Areas,VIC
3550,Regional Centres and Other Regional Areas,VIC
3551,Regional Centres and Other Regional Areas,VIC
3552,Regional Centres and Other Regional Areas,VIC
3553,Regional Centres and Other Regional Areas,VIC
3554,Regional Centres and Other Regional Areas,VIC
3555,Regional Centres and Other Regional Areas,VIC
3556,Regional Centres and Other Regional Areas,VIC
3557,Regional Centres and Other Regional Areas,VIC
3558,Regional Centres and Other Regional Areas,VIC
3559,Regional Centres and Other Regional Areas,VIC
3560,Regional Centres and Other Regional Areas,VIC
3561,Regional Centres and Other Regional Areas,VIC
3562,Regional Centres and Other Regional Areas,VIC
3563,Regional Centres and Other Regional Areas,VIC
3564,Regional Centres and Other Regional Areas,VIC
3565,Regional Centres and Other Regional Areas,VIC
3566,Regional Centres and Other Regional Areas,VIC
3567,Regional Centres and Other Regional Areas,VIC
3568,Regional Centres and Other Regional Areas,VIC
3569,Regional Centres and Other Regional Areas,VIC
3570,Regional Centres and Other Regional Areas,VIC
3571,Regional Centres and Other Regional Areas,VIC
3572,Regional Centres and Other Regional Areas,VIC
3573,Regional Centres and Other Regional Areas,VIC
3574,Regional Centres and Other Regional Areas,VIC
3575,Regional Centres and Other Regional Areas,VIC
3576,Regional Centres and Other Regional Areas,VIC
3577,Regional Centres and Other Regional Areas,VIC
3578,Regional Centres and Other Regional Areas,VIC
3579,Regional Centres and Other Regional Areas,VIC
3580,Regional Centres and Other Regional Areas,VIC
3581,Regional Centres and Other Regional Areas,VIC
3582,Regional Centres and Other Regional Areas,VIC
3583,Regional Centres and Other Regional Areas,VIC
3584,Regional Centres and Other Regional Areas,VIC
3585,Regional Centres and Other Regional Areas,VIC
3586,Regional Centres and Other Regional Areas,VIC
3587,Regional Centres and Other Regional Areas,VIC
3588,Regional Centres and Other Regional Areas,VIC
3589,Regional Centres and Other Regional Areas,VIC
3590,Regional Centres and Other Regional Areas,VIC
3591,Regional Centres and Other Regional Areas,VIC
3592,Regional Centres and Other Regional Areas,VIC
3593,Regional Centres and Other Regional Areas,VIC
3594,Regional Centres and Other Regional Areas,VIC
3595,Regional Centres and Other Regional Areas,VIC
3596,Regional Centres and Other Regional Areas,VIC
3597,Regional Centres and Other Regional Areas,VIC
3598,Regional Centres and Other Regional Areas,VIC
3599,Regional Centres and Other Regional Areas,VIC
3600,Regional Centres and Other Regional Areas,VIC
3601,Regional Centres and Other Regional Areas,VIC
3602,Regional Centres and Other Regional Areas,VIC
3603,Regional Centres and Other Regional Areas,VIC
3604,Regional Centres and Other Regional Areas,VIC
3605,Regional Centres and Other Regional Areas,VIC
3606,Regional Centres and Other Regional Areas,VIC
3607,Regional Centres and Other Regional Areas,VIC
3608,Regional Centres and Other Regional Areas,VIC
3609,Regional Centres and Other Regional Areas,VIC
3610,Regional Centres and Other Regional Areas,VIC
3611,Regional Centres and Other Regional Areas,VIC
3612,Regional Centres and Other Regional Areas,VIC
3613,Regional Centres and Other Regional Areas,VIC
3614,Regional Centres and Other Regional Areas,VIC
3615,Regional Centres and Other Regional Areas,VIC
3616,Regional Centres and Other Regional Areas,VIC
3617,Regional Centres and Other Regional Areas,VIC
3618,Regional Centres and Other Regional Areas,VIC
3619,Regional Centres and Other Regional Areas,VIC
3620,Regional Centres and Other Regional Areas,VIC
3621,Regional Centres and Other Regional Areas,VIC
3622,Regional Centres and Other Regional Areas,VIC
3623,Regional Centres and Other Regional Areas,VIC
3624,Regional Centres and Other Regional Areas,VIC
3625,Regional Centres and Other Regional Areas,VIC
3626,Regional Centres and Other Regional Areas,VIC
3627,Regional Centres and Other Regional Areas,VIC
3628,Regional Centres and Other Regional Areas,VIC
3629,Regional Centres and Other Regional Areas,VIC
3630,Regional Centres and Other Regional Areas,VIC
3631,Regional Centres and Other Regional Areas,VIC
3632,Regional Centres and Other Regional Areas,VIC
3633,Regional Centres and Other Regional Areas,VIC
3634,Regional Centres and Other Regional Areas,VIC
3635,Regional Centres and Other Regional Areas,VIC
3636,Regional Centres and Other Regional Areas,VIC
3637,Regional Centres and Other Regional Areas,VIC
3638,Regional Centres and Other Regional Areas,VIC
3639,Regional Centres and Other Regional Areas,VIC
3640,Regional Centres and Other Regional Areas,VIC
3641,Regional Centres and Other Regional Areas,VIC
3642,Regional Centres and Other Regional Areas,VIC
3643,Regional Centres and Other Regional Areas,VIC
3644,Regional Centres and Other Regional Areas,VIC
3645,Regional Centres and Other Regional Areas,VIC
3646,Regional Centres and Other Regional Areas,VIC
3647,Regional Centres and Other Regional Areas,VIC
3648,Regional Centres and Other Regional Areas,VIC
3649,Regional Centres and Other Regional Areas,VIC
3650,Regional Centres and Other Regional Areas,VIC
3651,Regional Centres and Other Regional Areas,VIC
3652,Regional Centres and Other Regional Areas,VIC
3653,Regional Centres and Other Regional Areas,VIC
3654,Regional Centres and Other Regional Areas,VIC
3655,Regional Centres and Other Regional Areas,VIC
3656,Regional Centres and Other Regional Areas,VIC
3657,Regional Centres and Other Regional Areas,VIC
3658,Regional Centres and Other Regional Areas,VIC
3659,Regional Centres and Other Regional Areas,VIC
3660,Regional Centres and Other Regional Areas,VIC
3661,Regional Centres and Other Regional Areas,VIC
3662,Regional Centres and Other Regional Areas,VIC
3663,Regional Centres and Other Regional Areas,VIC
3664,Regional Centres and Other Regional Areas,VIC
3665,Regional Centres and Other Regional Areas,VIC
3666,Regional Centres and Other Regional Areas,VIC
3667,Regional Centres and Other Regional Areas,VIC
3668,Regional Centres and Other Regional Areas,VIC
3669,Regional Centres and Other Regional Areas,VIC
3670,Regional Centres and Other Regional Areas,VIC
3671,Regional Centres and Other Regional Areas,VIC
3672,Regional Centres and Other Regional Areas,VIC
3673,Regional Centres and Other Regional Areas,VIC
3674,Regional Centres and Other Regional Areas,VIC
3675,Regional Centres and Other Regional Areas,VIC
3676,Regional Centres and Other Regional Areas,VIC
3677,Regional Centres and Other Regional Areas,VIC
3678,Regional Centres and Other Regional Areas,VIC
3679,Regional Centres and Other Regional Areas,VIC
3680,Regional Centres and Other Regional Areas,VIC
3681,Regional Centres and Other Regional Areas,VIC
3682,Regional Centres and Other Regional Areas,VIC
3683,Regional Centres and Other Regional Areas,VIC
3684,Regional Centres and Other Regional Areas,VIC
3685,Regional Centres and Other Regional Areas,VIC
3686,Regional Centres and Other Regional Areas,VIC
3687,Regional Centres and Other Regional Areas,VIC
3688,Regional Centres and Other Regional Areas,VIC
3689,Regional Centres and Other Regional Areas,VIC
3690,Regional Centres and Other Regional Areas,VIC
3691,Regional Centres and Other Regional Areas,VIC
3692,Regional Centres and Other Regional Areas,VIC
3693,Regional Centres and Other Regional Areas,VIC
3694,Regional Centres and Other Regional Areas,VIC
3695,Regional Centres and Other Regional Areas,VIC
3696,Regional Centres and Other Regional Areas,VIC
3697,Regional Centres and Other Regional Areas,VIC
3698,Regional Centres and Other Regional Areas,VIC
3699,Regional Centres and Other Regional Areas,VIC
3700,Regional Centres and Other Regional Areas,VIC
3701,Regional Centres and Other Regional Areas,VIC
3702,Regional Centres and Other Regional Areas,VIC
3703,Regional Centres and Other Regional Areas,VIC
3704,Regional Centres and Other Regional Areas,VIC
3705,Regional Centres and Other Regional Areas,VIC
3706,Regional Centres and Other Regional Areas,VIC
3707,Regional Centres and Other Regional Areas,VIC
3708,Regional Centres and Other Regional Areas,VIC
3709,Regional Centres and Other Regional Areas,VIC
3710,Regional Centres and Other Regional Areas,VIC
3711,Regional Centres and Other Regional Areas,VIC
3712,Regional Centres and Other Regional Areas,VIC
3713,Regional Centres and Other Regional Areas,VIC
3714,Regional Centres and Other Regional Areas,VIC
3715,Regional Centres and Other Regional Areas,VIC
3716,Regional Centres and Other Regional Areas,VIC
3717,Regional Centres and Other Regional Areas,VIC
3718,Regional Centres and Other Regional Areas,VIC
3719,Regional Centres and Other Regional Areas,VIC
3720,Regional Centres and Other Regional Areas,VIC
3721,Regional Centres and Other Regional Areas,VIC
3722,Regional Centres and Other Regional Areas,VIC
3723,Regional Centres and Other Regional Areas,VIC
3724,Regional Centres and Other Regional Areas,VIC
3725,Regional Centres and Other Regional Areas,VIC
3726,Regional Centres and Other Regional Areas,VIC
3727,Regional Centres and Other Regional Areas,VIC
3728,Regional Centres and Other Regional Areas,VIC
3729,Regional Centres and Other Regional Areas,VIC
3730,Regional Centres and Other Regional Areas,VIC
3731,Regional Centres and Other Regional Areas,VIC
3732,Regional Centres and Other Regional Areas,VIC
3733,Regional Centres and Other Regional Areas,VIC
3734,Regional Centres and Other Regional Areas,VIC
3735,Regional Centres and Other Regional Areas,VIC
3736,Regional Centres and Other Regional Areas,VIC
3737,Regional Centres and Other Regional Areas,VIC
3738,Regional Centres and Other Regional Areas,VIC
3739,Regional Centres and Other Regional Areas,VIC
3740,Regional Centres and Other Regional Areas,VIC
3741,Regional Centres and Other Regional Areas,VIC
3742,Regional Centres and Other Regional Areas,VIC
3743,Regional Centres and Other Regional Areas,VIC
3744,Regional Centres and Other Regional Areas,VIC
3745,Regional Centres and Other Regional Areas,VIC
3746,Regional Centres and Other Regional Areas,VIC
3747,Regional Centres and Other Regional Areas,VIC
3748,Regional Centres and Other Regional Areas,VIC
3749,Regional Centres and Other Regional Areas,VIC
3750,Regional Centres and Other Regional Areas,VIC
3751,Regional Centres and Other Regional Areas,VIC
3752,Regional Centres and Other Regional Areas,VIC
3753,Regional Centres and Other Regional Areas,VIC
3754,Regional Centres and Other Regional Areas,VIC
3755,Regional Centres and Other Regional Areas,VIC
3756,Regional Centres and Other Regional Areas,VIC
3757,Regional Centres and Other Regional Areas,VIC
3758,Regional Centres and Other Regional Areas,VIC
3759,Regional Centres and Other Regional Areas,VIC
3760,Regional Centres and Other Regional Areas,VIC
3761,Regional Centres and Other Regional Areas,VIC
3762,Regional Centres and Other Regional Areas,VIC
3763,Regional Centres and Other Regional Areas,VIC
3764,Regional Centres and Other Regional Areas,VIC
3765,Regional Centres and Other Regional Areas,VIC
3766,Regional Centres and Other Regional Areas,VIC
3767,Regional Centres and Other Regional Areas,VIC
3768,Regional Centres and Other Regional Areas,VIC
3769,Regional Centres and Other Regional Areas,VIC
3770,Regional Centres and Other Regional Areas,VIC
3771,Regional Centres and Other Regional Areas,VIC
3772,Regional Centres and Other Regional Areas,VIC
3773,Regional Centres and Other Regional Areas,VIC
3774,Regional Centres and Other Regional Areas,VIC
3775,Regional Centres and Other Regional Areas,VIC
3776,Regional Centres and Other Regional Areas,VIC
3777,Regional Centres and Other Regional Areas,VIC
3778,Regional Centres and Other Regional Areas,VIC
3779,Regional Centres and Other Regional Areas,VIC
3780,Regional Centres and Other Regional Areas,VIC
3781,Regional Centres and Other Regional Areas,VIC
3782,Regional Centres and Other Regional Areas,VIC
3783,Regional Centres and Other Regional Areas,VIC
3784,Regional Centres and Other Regional Areas,VIC
3785,Regional Centres and Other Regional Areas,VIC
3786,Regional Centres and Other Regional Areas,VIC
3787,Regional Centres and Other Regional Areas,VIC
3788,Regional Centres and Other Regional Areas,VIC
3789,Regional Centres and Other Regional Areas,VIC
3790,Regional Centres and Other Regional Areas,VIC
3791,Regional Centres and Other Regional Areas,VIC
3792,Regional Centres and Other Regional Areas,VIC
3793,Regional Centres and Other Regional Areas,VIC
3794,Regional Centres and Other Regional Areas,VIC
3795,Regional Centres and Other Regional Areas,VIC
3796,Regional Centres and Other Regional Areas,VIC
3797,Regional Centres and Other Regional Areas,VIC
3798,Regional Centres and Other Regional Areas,VIC
3799,Regional Centres and Other Regional Areas,VIC
3809,Regional Centres and Other Regional Areas,VIC
3810,Regional Centres and Other Regional Areas,VIC
3811,Regional Centres and Other Regional Areas,VIC
3812,Regional Centres and Other Regional Areas,VIC
3813,Regional Centres and Other Regional Areas,VIC
3814,Regional Centres and Other Regional Areas,VIC
3815,Regional Centres and Other Regional Areas,VIC
3816,Regional Centres and Other Regional Areas,VIC
3817,Regional Centres and Other Regional Areas,VIC
3818,Regional Centres and Other Regional Areas,VIC
3819,Regional Centres and Other Regional Areas,VIC
3820,Regional Centres and Other Regional Areas,VIC
3821,Regional Centres and Other Regional Areas,VIC
3822,Regional Centres and Other Regional Areas,VIC
3823,Regional Centres and Other Regional Areas,VIC
3824,Regional Centres and Other Regional Areas,VIC
3825,Regional Centres and Other Regional Areas,VIC
3826,Regional Centres and Other Regional Areas,VIC
3827,Regional Centres and Other Regional Areas,VIC
3828,Regional Centres and Other Regional Areas,VIC
3829,Regional Centres and Other Regional Areas,VIC
3830,Regional Centres and Other Regional Areas,VIC
3831,Regional Centres and Other Regional Areas,VIC
3832,Regional Centres and Other Regional Areas,VIC
3833,Regional Centres and Other Regional Areas,VIC
3834,Regional Centres and Other Regional Areas,VIC
3835,Regional Centres and Other Regional Areas,VIC
3836,Regional Centres and Other Regional Areas,VIC
3837,Regional Centres and Other Regional Areas,VIC
3838,Regional Centres and Other Regional Areas,VIC
3839,Regional Centres and Other Regional Areas,VIC
3840,Regional Centres and Other Regional Areas,VIC
3841,Regional Centres and Other Regional Areas,VIC
3842,Regional Centres and Other Regional Areas,VIC
3843,Regional Centres and Other Regional Areas,VIC
3844,Regional Centres and Other Regional Areas,VIC
3845,Regional Centres and Other Regional Areas,VIC
3846,Regional Centres and Other Regional Areas,VIC
3847,Regional Centres and Other Regional Areas,VIC
3848,Regional Centres and Other Regional Areas,VIC
3849,Regional Centres and Other Regional Areas,VIC
3850,Regional Centres and Other Regional Areas,VIC
3851,Regional Centres and Other Regional Areas,VIC
3852,Regional Centres and Other Regional Areas,VIC
3853,Regional Centres and Other Regional Areas,VIC
3854,Regional Centres and Other Regional Areas,VIC
3855,Regional Centres and Other Regional Areas,VIC
3856,Regional Centres and Other Regional Areas,VIC
3857,Regional Centres and Other Regional Areas,VIC
3858,Regional Centres and Other Regional Areas,VIC
3859,Regional Centres and Other Regional Areas,VIC
3860,Regional Centres and Other Regional Areas,VIC
3861,Regional Centres and Other Regional Areas,VIC
3862,Regional Centres and Other Regional Areas,VIC
3863,Regional Centres and Other Regional Areas,VIC
3864,Regional Centres and Other Regional Areas,VIC
3865,Regional Centres and Other Regional Areas,VIC
3866,Regional Centres and Other Regional Areas,VIC
3867,Regional Centres and Other Regional Areas,VIC
3868,Regional Centres and Other Regional Areas,VIC
3869,Regional Centres and Other Regional Areas,VIC
3870,Regional Centres and Other Regional Areas,VIC
3871,Regional Centres and Other Regional Areas,VIC
3872,Regional Centres and Other Regional Areas,VIC
3873,Regional Centres and Other Regional Areas,VIC
3874,Regional Centres and Other Regional Areas,VIC
3875,Regional Centres and Other Regional Areas,VIC
3876,Regional Centres and Other Regional Areas,VIC
3877,Regional Centres and Other Regional Areas,VIC
3878,Regional Centres and Other Regional Areas,VIC
3879,Regional Centres and Other Regional Areas,VIC
3880,Regional Centres and Other Regional Areas,VIC
3881,Regional Centres and Other Regional Areas,VIC
3882,Regional Centres and Other Regional Areas,VIC
3883,Regional Centres and Other Regional Areas,VIC
3884,Regional Centres and Other Regional Areas,VIC
3885,Regional Centres and Other Regional Areas,VIC
3886,Regional Centres and Other Regional Areas,VIC
3887,Regional Centres and Other Regional Areas,VIC
3888,Regional Centres and Other Regional Areas,VIC
3889,Regional Centres and Other Regional Areas,VIC
3890,Regional Centres and Other Regional Areas,VIC
3891,Regional Centres and Other Regional Areas,VIC
3892,Regional Centres and Other Regional Areas,VIC
3893,Regional Centres and Other Regional Areas,VIC
3894,Regional Centres and Other Regional Areas,VIC
3895,Regional Centres and Other Regional Areas,VIC
3896,Regional Centres and Other Regional Areas,VIC
3897,Regional Centres and Other Regional Areas,VIC
3898,Regional Centres and Other Regional Areas,VIC
3899,Regional Centres and Other Regional Areas,VIC
3900,Regional Centres and Other Regional Areas,VIC
3901,Regional Centres and Other Regional Areas,VIC
3902,Regional Centres and Other Regional Areas,VIC
3903,Regional Centres and Other Regional Areas,VIC
3904,Regional Centres and Other Regional Areas,VIC
3905,Regional Centres and Other Regional Areas,VIC
3906,Regional Centres and Other Regional Areas,VIC
3907,Regional Centres and Other Regional Areas,VIC
3908,Regional Centres and Other Regional Areas,VIC
3909,Regional Centres and Other Regional Areas,VIC
3912,Regional Centres and Other Regional Areas,VIC
3913,Regional Centres and Other Regional Areas,VIC
3914,Regional Centres and Other Regional Areas,VIC
3915,Regional Centres and Other Regional Areas,VIC
3916,Regional Centres and Other Regional Areas,VIC
3917,Regional Centres and Other Regional Areas,VIC
3918,Regional Centres and Other Regional Areas,VIC
3919,Regional Centres and Other Regional Areas,VIC
3920,Regional Centres and Other Regional Areas,VIC
3921,Regional Centres and Other Regional Areas,VIC
3922,Regional Centres and Other Regional Areas,VIC
3923,Regional Centres and Other Regional Areas,VIC
3924,Regional Centres and Other Regional Areas,VIC
3925,Regional Centres and Other Regional Areas,VIC
3926,Regional Centres and Other Regional Areas,VIC
3927,Regional Centres and Other Regional Areas,VIC
3928,Regional Centres and Other Regional Areas,VIC
3929,Regional Centres and Other Regional Areas,VIC
3930,Regional Centres and Other Regional Areas,VIC
3931,Regional Centres and Other Regional Areas,VIC
3932,Regional Centres and Other Regional Areas,VIC
3933,Regional Centres and Other Regional Areas,VIC
3934,Regional Centres and Other Regional Areas,VIC
3935,Regional Centres and Other Regional Areas,VIC
3936,Regional Centres and Other Regional Areas,VIC
3937,Regional Centres and Other Regional Areas,VIC
3938,Regional Centres and Other Regional Areas,VIC
3939,Regional Centres and Other Regional Areas,VIC
3940,Regional Centres and Other Regional Areas,VIC
3941,Regional Centres and Other Regional Areas,VIC
3942,Regional Centres and Other Regional Areas,VIC
3943,Regional Centres and Other Regional Areas,VIC
3944,Regional Centres and Other Regional Areas,VIC
3945,Regional Centres and Other Regional Areas,VIC
3946,Regional Centres and Other Regional Areas,VIC
3947,Regional Centres and Other Regional Areas,VIC
3948,Regional Centres and Other Regional Areas,VIC
3949,Regional Centres and Other Regional Areas,VIC
3950,Regional Centres and Other Regional Areas,VIC
3951,Regional Centres and Other Regional Areas,VIC
3952,Regional Centres and Other Regional Areas,VIC
3953,Regional Centres and Other Regional Areas,VIC
3954,Regional Centres and Other Regional Areas,VIC
3955,Regional Centres and Other Regional Areas,VIC
3956,Regional Centres and Other Regional Areas,VIC
3957,Regional Centres and Other Regional Areas,VIC
3958,Regional Centres and Other Regional Areas,VIC
3959,Regional Centres and Other Regional Areas,VIC
3960,Regional Centres and Other Regional Areas,VIC
3961,Regional Centres and Other Regional Areas,VIC
3962,Regional Centres and Other Regional Areas,VIC
3963,Regional Centres and Other Regional Areas,VIC
3964,Regional Centres and Other Regional Areas,VIC
3965,Regional Centres and Other Regional Areas,VIC
3966,Regional Centres and Other Regional Areas,VIC
3967,Regional Centres and Other Regional Areas,VIC
3968,Regional Centres and Other Regional Areas,VIC
3969,Regional Centres and Other Regional Areas,VIC
3970,Regional Centres and Other Regional Areas,VIC
3971,Regional Centres and Other Regional Areas,VIC
3978,Regional Centres and Other Regional Areas,VIC
3979,Regional Centres and Other Regional Areas,VIC
3980,Regional Centres and Other Regional Areas,VIC
3981,Regional Centres and Other Regional Areas,VIC
3982,Regional Centres and Other Regional Areas,VIC
3983,Regional Centres and Other Regional Areas,VIC
3984,Regional Centres and Other Regional Areas,VIC
3985,Regional Centres and Other Regional Areas,VIC
3986,Regional Centres and Other Regional Areas,VIC
3987,Regional Centres and Other Regional Areas,VIC
3988,Regional Centres and Other Regional Areas,VIC
3989,Regional Centres and Other Regional Areas,VIC
3990,Regional Centres and Other Regional Areas,VIC
3991,Regional Centres and Other Regional Areas,VIC
3992,Regional Centres and Other Regional Areas,VIC
3993,Regional Centres and Other Regional Areas,VIC
3994,Regional Centres and Other Regional Areas,VIC
3995,Regional Centres and Other Regional Areas,VIC
3996,Regional Centres and Other Regional Areas,VIC
